{"hyperimpute": [0.3180956264951826, 0.32570091444216415, 0.27692810942117674, 0.32128758010294, 0.24267459470827657, 0.34394813100699795, 0.2675941306140163, 0.24541763097207078, 0.23784732561464647, 0.2816689497537433], "missforest": [0.33067846032395914, 0.3152270375002993, 0.2829958929009137, 0.3216866949994303, 0.287649727521666, 0.37511257733774894, 0.2813313628373966, 0.2688999857176795, 0.2606347474351217, 0.3428653526045817]}