{"hyperimpute": [0.16119453039797785, 0.1553647839964604, 0.16056346882232334, 0.16139202993235313, 0.15830799273390142, 0.16522029094345686, 0.16350803211325524, 0.15329460028221797, 0.1554322886337492, 0.15990751653500077], "missforest": [0.2164740908249757, 0.2164740908249757, 0.2164740908249757, 0.2164740908249757, 0.2164740908249757, 0.2164740908249757, 0.21647409082497568, 0.2164740908249757, 0.2164740908249757, 0.2164740908249757]}