{"hyperimpute": [0.374472427077226, 0.2804247384031243, 0.26158348118432867, 0.39329089482388796, 0.223940646517451, 0.3320511410731703, 0.3353519592524124, 0.325901316779143, 0.2985974164680794, 0.27037028306371674], "missforest": [0.3481101419890718, 0.29715315873999776, 0.28616161807554286, 0.4302027316935259, 0.26807195295521735, 0.335752647310984, 0.3096623718212245, 0.32833296210456075, 0.35268826865484654, 0.32794421981555383]}