{"hyperimpute": [0.3182209911086366, 0.23823240332209503, 0.24495506675226233, 0.2806236279283115, 0.26390368025042715, 0.2696757243436781, 0.28521421454745244, 0.2994904681527718, 0.35205351941288726, 0.2476185507980742], "missforest": [0.329174914037938, 0.2752364429510947, 0.26971837706096025, 0.31909557004612266, 0.25693649761972254, 0.2979261591706914, 0.31753933647911464, 0.29990275643485814, 0.35714477059646305, 0.2675419878306185]}