{"hyperimpute": [0.2345411925271076, 0.24045003489136282, 0.19488693892347894, 0.24238848925766163, 0.22851834433090637, 0.2638120021808273, 0.22765948410032325, 0.1891013579615083, 0.2043648441005523, 0.32454875959173063], "missforest": [0.3348491386837339, 0.3290461265457734, 0.29486575032566126, 0.35228955856192323, 0.28188851404071985, 0.3279065418057633, 0.26903442949921, 0.2661371161248339, 0.2650692721286257, 0.34468456985241136]}