{"hyperimpute": [0.306504294033464, 0.21359255215889172, 0.19858515517110112, 0.30295272472320367, 0.2414805548696916, 0.21575539670587798, 0.2053308844991366, 0.17539214375829243, 0.20879533955353824, 0.23459026518144774], "missforest": [0.31350724689722137, 0.2436321993047666, 0.20312119650875732, 0.31060913494491066, 0.26023417985913977, 0.22402871390241, 0.22656471849846996, 0.23714509092662292, 0.23222512378097632, 0.2508530515828751]}