{"hyperimpute": [0.2654796003047499, 0.21664201887528864, 0.20212445111843058, 0.28625158466681405, 0.24074437887225597, 0.26120898638457735, 0.19575294959246806, 0.26811878509830106, 0.3016008947811998, 0.277079323395658], "missforest": [0.3112190049449274, 0.27398664991935107, 0.22970866911932433, 0.28369809018266273, 0.2552393806150436, 0.23914765395853266, 0.2170075913042709, 0.27593391433568915, 0.2849678198004171, 0.26769646861270074]}