{"hyperimpute": [0.3736570341582948, 0.3231252303851392, 0.2653070240292375, 0.25935859498459185, 0.26575687878852816, 0.2751945657091459, 0.23152370512824896, 0.2254397096185476, 0.27846665956451183, 0.3001595816609606], "missforest": [0.3767459005067872, 0.31470548137981486, 0.29130460984548767, 0.3422843267646387, 0.2755534876499306, 0.31241004110973314, 0.2558441322099479, 0.25558331052682526, 0.28326113232486133, 0.2959970014200458]}