{"hyperimpute": [0.35683647483615205, 0.4003612342293667, 0.2693325106254869, 0.39604068162901584, 0.29413973868585547, 0.33002608843016723, 0.2854713204295278, 0.2538991276020584, 0.3011755519341147, 0.26338235895217194], "missforest": [0.3571841422407425, 0.39768598541663386, 0.2855338993373215, 0.3792438624103641, 0.28387330365407776, 0.30788851856502536, 0.27545258523001287, 0.2859204526779462, 0.2942847619939078, 0.2839276938696025]}