{"hyperimpute": [0.3180956264951827, 0.32570091444216415, 0.27692810942117674, 0.32128758010294, 0.2426745947082766, 0.34394813100699795, 0.2675941306140163, 0.2454176309720708, 0.23784732561464647, 0.2816689497537433], "missforest": [0.3306784603239591, 0.3152270375002993, 0.2829958929009137, 0.3216866949994303, 0.287649727521666, 0.3751125773377489, 0.2813313628373966, 0.2688999857176795, 0.2606347474351217, 0.3428653526045817]}