{"hyperimpute": [0.2503296052063748, 0.22586832830885048, 0.1985851551711011, 0.2489920329941291, 0.21636783223699166, 0.23046438555249946, 0.2082627411621589, 0.21346510020112483, 0.1966281682844939, 0.2140535123151494], "missforest": [0.2760379480435361, 0.26111287990609966, 0.20312119650875732, 0.2379523276369569, 0.2423651812323249, 0.24971728224172546, 0.22289022014863988, 0.22602944620343704, 0.21170027167017377, 0.23255640946858505]}