{"hyperimpute": [0.19933493240726655, 0.15163369581881211, 0.10838128605835558, 0.2231653328102753, 0.14516905849949227, 0.14204628188492008, 0.12238488725776478, 0.12338654230364711, 0.12834197410612203, 0.15269003527811895], "missforest": [0.20569504601385577, 0.17370604714658291, 0.16642900826046303, 0.22610276868840093, 0.16897595804992277, 0.18124479402940433, 0.17018336735504427, 0.17405549205724974, 0.15228138920929082, 0.17739566925283667]}