{"hyperimpute": [0.13932816622864286, 0.1476240174598717, 0.11588402553770429, 0.17842815003377224, 0.14712957350916936, 0.2327607112615188, 0.1767688144711274, 0.14563769100774482, 0.129029545850847, 0.15436081769008372], "missforest": [0.207606653243699, 0.17413511920977842, 0.17727602565430442, 0.19416798063465252, 0.22229816008710632, 0.27627385865619886, 0.2197899900573764, 0.2364559782766272, 0.1900482796953771, 0.1896832219133818]}