{"hyperimpute": [0.17697911598194732, 0.17671417303068337, 0.11606592451358858, 0.19233525566619397, 0.1571090364852075, 0.16840940856209852, 0.1613923320747251, 0.20759615628625336, 0.1876410258262676, 0.17504115489825667], "missforest": [0.22526979125696814, 0.20192419802035055, 0.1697366726411666, 0.24128696326649363, 0.1974593751764676, 0.20908338871723872, 0.2043485417575001, 0.20593989028226706, 0.23029416056358337, 0.21077206232297122]}