{"hyperimpute": [0.1606882447657572, 0.14801138192461333, 0.10933322844979347, 0.14919911451974832, 0.14157299920648067, 0.1612544162580767, 0.1295685592580325, 0.12349409288812196, 0.1533581469520021, 0.13560091702094218], "missforest": [0.21132939597259864, 0.16042769070565963, 0.169959924752135, 0.18703735854553274, 0.17900606625494636, 0.2650559499623019, 0.1546269752787558, 0.1612879022444934, 0.26262541086716257, 0.19742854867033074]}