{"hyperimpute": [0.13932816622864286, 0.11723349100063428, 0.11081647197124515, 0.22356358768677104, 0.14712957350916936, 0.17928159542097338, 0.13947492284428398, 0.14563769100774482, 0.129029545850847, 0.14997980775885644], "missforest": [0.20941678180265938, 0.18538485142135416, 0.1842169618429703, 0.305174070608594, 0.22229816008710632, 0.21208573854306478, 0.16515248786564252, 0.2364559782766272, 0.1900482796953771, 0.1844268983999841]}