{"hyperimpute": [0.18106850422575685, 0.16915665767735952, 0.1371991089169661, 0.20077968720862252, 0.1940420425600572, 0.21869149468315568, 0.25277097924798864, 0.15509167777639046, 0.164453786779265, 0.20796121973690335], "missforest": [0.2145926822406508, 0.21024627536109933, 0.18833374960702787, 0.22316736433184872, 0.20047583617353287, 0.2333209884061548, 0.22235142858407872, 0.1879037359979922, 0.20565699949461466, 0.19826373247228105]}