{"hyperimpute": [0.16662616655392287, 0.17364666268275294, 0.1317696648010784, 0.22467002905339262, 0.13493045129503134, 0.17923576947027578, 0.16201827516555184, 0.14254763469649914, 0.13017465951286195, 0.17990812097897899], "missforest": [0.23172762407953762, 0.20694247806303276, 0.16071235613650642, 0.20285611277105392, 0.1805438150281015, 0.19476928435455218, 0.19710626167912274, 0.17618146617733949, 0.16795532415477502, 0.23660186161062902]}