{"hyperimpute": [0.13525336514353317, 0.11723349100063428, 0.10775690214539713, 0.153220866123566, 0.13889503951045165, 0.1731349260512337, 0.10591865227169854, 0.1386637927670426, 0.1533581469520021, 0.13560091702094218], "missforest": [0.2178354531742091, 0.18538485142135414, 0.1668718354607102, 0.16967384124142054, 0.17940867545952435, 0.20521179615767665, 0.1493352680320731, 0.16175687703152308, 0.26262541086716257, 0.19742854867033072]}