{"hyperimpute": [0.20882945065802525, 0.2653620965440733, 0.25125655670799796, 0.23725164679140187, 0.20177546874519606, 0.2038413649580715, 0.23869017795912087, 0.23397935233448233, 0.23282943805264267, 0.22601100605954036, 0.26304621476945794, 0.21923040697558166, 0.25392977943735306, 0.190167271233444, 0.1970682177742307, 0.2450563966045974, 0.21603004244522106, 0.2081728542958081, 0.25992395163351245, 0.266199636521106, 0.22254792164377873, 0.22880500439275064, 0.2121167932943953, 0.21766951934971843, 0.2332823718370879, 0.21103725096801715, 0.25522394656530006, 0.2195865677927315, 0.22513259068876884, 0.22743411427773916], "missforest": [0.2193759713046175, 0.25445094221482223, 0.28233217663613436, 0.24199983726384425, 0.23032234869841997, 0.218659535835222, 0.24177230290106988, 0.22707728611475328, 0.22717832023533663, 0.22138916301033398, 0.25474898194522466, 0.2373673714728862, 0.2458975104940098, 0.21176114043910618, 0.2162070277788766, 0.26208387721229737, 0.225793683974414, 0.23928991047481069, 0.26695845228246606, 0.27377766096968703, 0.2515171599770194, 0.29784878812831517, 0.2342083089761067, 0.232080307547325, 0.2586108151611665, 0.22851988040502572, 0.25437530072898135, 0.25130497104475885, 0.2768768245008889, 0.24003874723972982]}