{"hyperimpute": [0.21607204144777328, 0.20204004323471655, 0.23005347901091147, 0.24223130702526516, 0.21678962860317771, 0.20638528452960114, 0.21769645966510393, 0.2172905218605529, 0.2330662110241955, 0.2461402026856567], "missforest": [0.2219342440332643, 0.2303252781953549, 0.2415156745317634, 0.22339947267786459, 0.23983173433072633, 0.23428658625132456, 0.20719245521582985, 0.2956993614947087, 0.23609611889196438, 0.25389244202839234]}