{"hyperimpute": [0.20321752649202143, 0.16035178722097, 0.15853321610769508, 0.1585332161076951, 0.1585332161076951, 0.1585332161076951, 0.15853321610769508, 0.1585332161076951, 0.1585332161076951, 0.1585332161076951, 0.15853321610769508, 0.15853321610769508, 0.15853321610769508, 0.15853321610769508, 0.1585332161076951, 0.1585332161076951, 0.15853321610769508, 0.1585332161076951, 0.1585332161076951, 0.1585332161076951], "missforest": [0.21309466814861847, 0.15799316932768118, 0.18091852528805194, 0.18091852528805197, 0.18091852528805194, 0.18091852528805194, 0.18091852528805194, 0.18091852528805194, 0.18091852528805194, 0.18091852528805194, 0.18091852528805194, 0.18091852528805194, 0.18091852528805194, 0.18091852528805197, 0.18091852528805194, 0.18091852528805197, 0.18091852528805194, 0.18091852528805194, 0.18091852528805194, 0.18091852528805194]}