{"hyperimpute": [0.20944516552557785, 0.22127177582240964, 0.2558593996449307, 0.2558593996449307, 0.25585939964493076, 0.2558593996449307, 0.25585939964493076, 0.2558593996449307, 0.2558593996449307, 0.2558593996449307, 0.2558593996449307, 0.2558593996449307, 0.2558593996449307, 0.2558593996449307, 0.2558593996449307, 0.2558593996449307, 0.2558593996449307, 0.25585939964493076, 0.2558593996449307, 0.25585939964493076], "missforest": [0.2116853704472325, 0.24006309656150374, 0.24597996988828955, 0.24597996988828955, 0.24597996988828955, 0.24597996988828955, 0.24597996988828955, 0.24597996988828955, 0.24597996988828955, 0.24597996988828955, 0.24597996988828955, 0.24597996988828955, 0.24597996988828955, 0.24597996988828955, 0.24597996988828955, 0.24597996988828955, 0.24597996988828957, 0.24597996988828955, 0.24597996988828955, 0.24597996988828955]}