{"hyperimpute": [0.1658943681684901, 0.15241833347194658, 0.10838128605835558, 0.12189525893205509, 0.12249639134145601, 0.14446474127929848, 0.11313366847571837, 0.12060219535592615, 0.10448559892550023, 0.14684176541545563], "missforest": [0.19542794086005166, 0.1783988532504148, 0.16642900826046303, 0.18812888113189868, 0.1712478291684841, 0.17362764610169276, 0.14625360552059474, 0.156665697090593, 0.1583447982200693, 0.1741621673893503]}