{"hyperimpute": [0.173777415492837, 0.15896121666201046, 0.16820600036187136, 0.20948134100416296, 0.14240286961857399, 0.23353865779337277, 0.21996786155458256, 0.21016759438739283, 0.1641507465938888, 0.22607338517895345], "missforest": [0.21321937426575888, 0.17663387379373857, 0.19761214239001249, 0.220943350285447, 0.18172583729025746, 0.2305191678222043, 0.18638888941140852, 0.2393827146794902, 0.19648927176181252, 0.22366003156926764]}