{"hyperimpute": [0.13932816622864286, 0.21868116165774532, 0.1374206708246529, 0.1658563399733646, 0.15893568229421287, 0.23276071126151884, 0.13281150438908193, 0.1332445998700947, 0.129029545850847, 0.14355647231685262], "missforest": [0.20941678180265938, 0.23685205949160715, 0.18848127459741382, 0.20928725728295922, 0.18866564953327652, 0.27627385865619886, 0.1792093059331668, 0.21644425597327382, 0.1900482796953771, 0.19815407542467314]}