{"hyperimpute": [0.1803559677443608, 0.13806403100119805, 0.11114694471824568, 0.16890591775666605, 0.15457130614370673, 0.13257392467955803, 0.13451714546910354, 0.1697202311397319, 0.14767079753951573, 0.16604397556569075], "missforest": [0.19867320450812448, 0.18531365106022685, 0.16513044797836418, 0.19028741103838087, 0.1891573983893117, 0.19090454559315126, 0.15707945476189486, 0.2117943479719326, 0.19318114892282554, 0.19526937476960382]}