{"hyperimpute": [0.21986575277660897, 0.18838158226948729, 0.13350037045951982, 0.20405460939595035, 0.1707980032618215, 0.22236070374325043, 0.1645081436432202, 0.18107703367611724, 0.17238034728808135, 0.20437111051569223], "missforest": [0.26632429838174226, 0.2221842810031518, 0.21054866875654868, 0.23025582252161877, 0.2093400359839977, 0.2272634961948131, 0.195646234288719, 0.19932184950243634, 0.18314923323672475, 0.23628239205138987]}