{"hyperimpute": [0.20019165198546413, 0.1962592796021757, 0.1887970483352991, 0.1997088965213748, 0.19273713854491176, 0.18888761896519388, 0.20161505650814818, 0.19409010421240974, 0.20774687026711894, 0.20539328422528602], "missforest": [0.2212243439171498, 0.21264647279201537, 0.2111363214914477, 0.21511671469352353, 0.21872636590787395, 0.21258385960042622, 0.214777925276011, 0.21762521821519643, 0.2137925724825547, 0.2202621743825163]}