{"hyperimpute": [0.20882945065802522, 0.2653620965440733, 0.25125655670799796, 0.23725164679140187, 0.20177546874519606, 0.2038413649580715, 0.23869017795912087, 0.23397935233448233, 0.23282943805264267, 0.22601100605954036], "missforest": [0.2193759713046175, 0.25445094221482223, 0.28233217663613436, 0.24199983726384425, 0.23032234869841997, 0.218659535835222, 0.2417723029010699, 0.22707728611475328, 0.22717832023533663, 0.22138916301033398]}