{"hyperimpute": [0.2075209588714682, 0.19966866518028642, 0.2018244823977335, 0.199907208123233, 0.19737602264177584, 0.20894745023789593, 0.20277265330558847, 0.20527972248581108, 0.19809916331586236, 0.20257315749620877], "missforest": [0.2148896982184419, 0.2148896982184419, 0.2148896982184419, 0.2148896982184419, 0.2148896982184419, 0.2148896982184419, 0.2148896982184419, 0.2148896982184419, 0.2148896982184419, 0.2148896982184419]}